nom,date,cumulative_confirmed_cases
Mongbwalu,5/14/2026,0
Mongbwalu,5/15/2026,0
Rwampara,5/15/2026,13
Bunia,5/15/2026,0
Mongbwalu,5/18/2026,1
Rwampara,5/18/2026,19
Bunia,5/18/2026,6
Nyankunde,5/18/2026,4
Goma,5/18/2026,1
Katwa,5/18/2026,1
Butembo,5/18/2026,1
Mongbwalu,5/19/2026,13
Rwampara,5/19/2026,25
Bunia,5/19/2026,6
Nyankunde,5/19/2026,4
Goma,5/19/2026,1
Katwa,5/19/2026,1
Butembo,5/19/2026,1
Mongbwalu,5/20/2026,13
Rwampara,5/20/2026,24
Bunia,5/20/2026,11
Nyankunde,5/20/2026,5
Goma,5/20/2026,1
Katwa,5/20/2026,1
Butembo,5/20/2026,1
Bambu,5/20/2026,1
Mongbwalu,5/21/2026,14
Rwampara,5/21/2026,31
Bunia,5/21/2026,15
Nyankunde,5/21/2026,11
Goma,5/21/2026,1
Katwa,5/21/2026,1
Butembo,5/21/2026,2
Bambu,5/21/2026,1
Nizi,5/21/2026,1
Kilo,5/21/2026,1
Miti-Murhesa,5/21/2026,1
Mongbwalu,5/22/2026,10
Rwampara,5/22/2026,32
Bunia,5/22/2026,23
Nyankunde,5/22/2026,9
Goma,5/22/2026,1
Katwa,5/22/2026,0
Butembo,5/22/2026,2
Bambu,5/22/2026,1
Nizi,5/22/2026,2
Kilo,5/22/2026,1
Miti-Murhesa,5/22/2026,1
Aru,5/22/2026,1
Mongbwalu,5/23/2026,19
Rwampara,5/23/2026,32
Bunia,5/23/2026,24
Nyankunde,5/23/2026,9
Goma,5/23/2026,1
Katwa,5/23/2026,4
Butembo,5/23/2026,1
Bambu,5/23/2026,0
Nizi,5/23/2026,2
Kilo,5/23/2026,1
Miti-Murhesa,5/23/2026,1
Aru,5/23/2026,1
Mongbwalu,5/24/2026,19
Rwampara,5/24/2026,32
Bunia,5/24/2026,24
Nyankunde,5/24/2026,9
Goma,5/24/2026,1
Katwa,5/24/2026,4
Butembo,5/24/2026,3
Bambu,5/24/2026,2
Nizi,5/24/2026,2
Kilo,5/24/2026,1
Miti-Murhesa,5/24/2026,1
Aru,5/24/2026,1
Oicha,5/24/2026,1
Kalunguta,5/24/2026,1
Mongbwalu,5/25/2026,19
Rwampara,5/25/2026,32
Bunia,5/25/2026,24
Nyankunde,5/25/2026,9
Goma,5/25/2026,1
Butembo,5/25/2026,3
Bambu,5/25/2026,0
Nizi,5/25/2026,2
Kilo,5/25/2026,1
Miti-Murhesa,5/25/2026,1
Aru,5/25/2026,1
Oicha,5/25/2026,1
Kalunguta,5/25/2026,1
Kyondo,5/25/2026,1
Mongbwalu,5/26/2026,20
Rwampara,5/26/2026,33
Bunia,5/26/2026,36
Nyankunde,5/26/2026,10
Goma,5/26/2026,1
Katwa,5/25/2026,4
Butembo,5/26/2026,3
Bambu,5/26/2026,0
Nizi,5/26/2026,2
Kilo,5/26/2026,1
Miti-Murhesa,5/26/2026,1
Aru,5/26/2026,1
Oicha,5/26/2026,1
Kalunguta,5/26/2026,1
Karisimbi,5/26/2026,0
Damas,5/26/2026,0
Fataki,5/26/2026,0
Mambasa,5/26/2026,0
Rimba,5/26/2026,0
Kyondo,5/26/2026,1
Mongbwalu,5/27/2026,20
Rwampara,5/27/2026,33
Bunia,5/27/2026,37
Nyankunde,5/27/2026,10
Goma,5/27/2026,1
Katwa,5/27/2026,4
Butembo,5/27/2026,5
Bambu,5/27/2026,0
Nizi,5/27/2026,2
Kilo,5/27/2026,1
Miti-Murhesa,5/27/2026,1
Aru,5/27/2026,1
Oicha,5/27/2026,2
Kalunguta,5/27/2026,2
Karisimbi,5/27/2026,0
Damas,5/27/2026,0
Fataki,5/27/2026,0
Mambasa,5/27/2026,0
Rimba,5/27/2026,0
Kyondo,5/27/2026,ND
Aru,5/28/2026,2
Bambu,5/28/2026,2
Bunia,5/28/2026,80
Kilo,5/28/2026,2
Mongbwalu,5/28/2026,47
Nizi,5/28/2026,2
Nyankunde,5/28/2026,19
Rwampara,5/28/2026,65
Mangala,5/28/2026,1
Damas,5/28/2026,1
Aungba,5/28/2026,1
Gety,5/28/2026,1
Komanda,5/28/2026,1
Jiba,5/28/2026,ND
Lita,5/28/2026,1
Butembo,5/28/2026,5
Goma,5/28/2026,1
Katwa,5/28/2026,4
Karisimbi,5/28/2026,0
Kyondo,5/28/2026,1
Oicha,5/28/2026,1
Kalunguta,5/28/2026,1
Beni,5/28/2026,2
Miti-Murhesa,5/28/2026,3
Aru,5/29/2026,2
Bambu,5/29/2026,2
Bunia,5/29/2026,80
Kilo,5/29/2026,2
Mongbwalu,5/29/2026,47
Nizi,5/29/2026,2
Nyankunde,5/29/2026,19
Rwampara,5/29/2026,65
Mangala,5/29/2026,1
Damas,5/29/2026,1
Aungba,5/29/2026,1
Gety,5/29/2026,1
Komanda,5/29/2026,1
Jiba,5/29/2026,ND
Lita,5/29/2026,1
Butembo,5/29/2026,5
Goma,5/29/2026,1
Katwa,5/29/2026,4
Karisimbi,5/29/2026,0
Kyondo,5/29/2026,1
Oicha,5/29/2026,1
Kalunguta,5/29/2026,1
Manguredjipa,5/29/2026,0
Beni,5/29/2026,2
Miti-Murhesa,5/29/2026,3
Aru,5/30/2026,2
Bambu,5/30/2026,2
Bunia,5/30/2026,80
Kilo,5/30/2026,2
Mongbwalu,5/30/2026,47
Nizi,5/30/2026,2
Nyankunde,5/30/2026,19
Rwampara,5/30/2026,65
Mangala,5/30/2026,1
Damas,5/30/2026,1
Aungba,5/30/2026,1
Gety,5/30/2026,1
Komanda,5/30/2026,1
Jiba,5/30/2026,ND
Lita,5/30/2026,1
Butembo,5/30/2026,5
Goma,5/30/2026,1
Katwa,5/30/2026,4
Karisimbi,5/30/2026,0
Kyondo,5/30/2026,1
Oicha,5/30/2026,1
Kalunguta,5/30/2026,1
Manguredjipa,5/30/2026,0
Beni,5/30/2026,2
Miti-Murhesa,5/30/2026,3
Aru,6/1/2026,2
Bambu,6/1/2026,2
Bunia,6/1/2026,80
Kilo,6/1/2026,2
Mongbwalu,6/1/2026,47
Nizi,6/1/2026,2
Nyankunde,6/1/2026,19
Rwampara,6/1/2026,65
Mangala,6/1/2026,1
Damas,6/1/2026,1
Aungba,6/1/2026,1
Gety,6/1/2026,1
Komanda,6/1/2026,1
Jiba,6/1/2026,ND
Lita,6/1/2026,1
Logo,6/1/2026,1
Mambasa,6/1/2026,2
Unknown,6/1/2026,94
Butembo,6/1/2026,2
Goma,6/1/2026,1
Katwa,6/1/2026,7
Karisimbi,6/1/2026,ND
Kyondo,6/1/2026,1
Oicha,6/1/2026,2
Kalunguta,6/1/2026,1
Manguredjipa,6/1/2026,ND
Beni,6/1/2026,5
Miti-Murhesa,6/1/2026,3
Bunia,6/2/2026,85
Rwampara,6/2/2026,72
Mongbwalu,6/2/2026,47
Nyankunde,6/2/2026,22
Rimba,6/2/2026,3
Miti-Murhesa,6/2/2026,3
Bambu,6/2/2026,2
Aru,6/2/2026,2
Kilo,6/2/2026,2
Nizi,6/2/2026,2
Damas,6/2/2026,2
Mambasa,6/2/2026,2
Katwa,6/2/2026,7
Beni,6/2/2026,5
Butembo,6/2/2026,2
Oicha,6/2/2026,2
Kalunguta,6/2/2026,1
Kyondo,6/2/2026,1
Goma,6/2/2026,1
Mangala,6/2/2026,1
Aungba,6/2/2026,1
Gety,6/2/2026,1
Komanda,6/2/2026,1
Lita,6/2/2026,1
Logo,6/2/2026,1
Unknown,6/2/2026,94
Aru,6/3/2026,2
Bambu,6/3/2026,2
Bunia,6/3/2026,97
Kilo,6/3/2026,2
Mongbwalu,6/3/2026,47
Nizi,6/3/2026,2
Nyankunde,6/3/2026,22
Rwampara,6/3/2026,76
Mangala,6/3/2026,1
Damas,6/3/2026,3
Aungba,6/3/2026,1
Gety,6/3/2026,1
Komanda,6/3/2026,1
Jiba,6/3/2026,ND
Lita,6/3/2026,2
Butembo,6/3/2026,2
Goma,6/3/2026,1
Katwa,6/3/2026,7
Karisimbi,6/3/2026,ND
Kyondo,6/3/2026,1
Oicha,6/3/2026,2
Kalunguta,6/3/2026,1
Manguredjipa,6/3/2026,ND
Beni,6/3/2026,5
Miti-Murhesa,6/3/2026,3
Unknown,6/3/2026,97
Bunia,6/4/2026,123
Rwampara,6/4/2026,86
Mongbwalu,6/4/2026,64
Nyankunde,6/4/2026,22
Bambu,6/4/2026,5
Aru,6/4/2026,3
Kilo,6/4/2026,3
Nizi,6/4/2026,5
Mangala,6/4/2026,1
Damas,6/4/2026,3
Aungba,6/4/2026,1
Gety,6/4/2026,1
Komanda,6/4/2026,3
Lita,6/4/2026,3
Logo,6/4/2026,2
Mambasa,6/4/2026,2
Rimba,6/4/2026,3
Katwa,6/4/2026,11
Beni,6/4/2026,5
Butembo,6/4/2026,4
Oicha,6/4/2026,2
Kalunguta,6/4/2026,1
Kyondo,6/4/2026,1
Goma,6/4/2026,1
Miti-Murhesa,6/4/2026,1
Unknown,6/4/2026,94
Bunia,6/5/2026,138
Rwampara,6/5/2026,93
Mongbwalu,6/5/2026,74
Nyankunde,6/5/2026,24
Bambu,6/5/2026,5
Aru,6/5/2026,3
Kilo,6/5/2026,4
Nizi,6/5/2026,5
Mangala,6/5/2026,1
Damas,6/5/2026,3
Aungba,6/5/2026,1
Gety,6/5/2026,1
Komanda,6/5/2026,3
Lita,6/5/2026,4
Logo,6/5/2026,2
Mambasa,6/5/2026,2
Rimba,6/5/2026,3
Katwa,6/5/2026,11
Beni,6/5/2026,5
Butembo,6/5/2026,4
Oicha,6/5/2026,2
Kalunguta,6/5/2026,1
Kyondo,6/5/2026,1
Goma,6/5/2026,1
Miti-Murhesa,6/5/2026,3
Unknown,6/5/2026,94
Bunia,6/6/2026,142
Rwampara,6/6/2026,98
Mongbwalu,6/6/2026,92
Nyankunde,6/6/2026,24
Bambu,6/6/2026,5
Aru,6/6/2026,3
Kilo,6/6/2026,4
Nizi,6/6/2026,5
Mangala,6/6/2026,1
Damas,6/6/2026,3
Aungba,6/6/2026,1
Gety,6/6/2026,1
Komanda,6/6/2026,3
Lita,6/6/2026,4
Logo,6/6/2026,2
Mambasa,6/6/2026,2
Rimba,6/6/2026,3
Katwa,6/6/2026,11
Beni,6/6/2026,5
Butembo,6/6/2026,4
Oicha,6/6/2026,2
Kalunguta,6/6/2026,1
Kyondo,6/6/2026,1
Goma,6/6/2026,1
Miti-Murhesa,6/6/2026,3
Unknown,6/6/2026,94
Bunia,6/7/2026,152
Rwampara,6/7/2026,111
Mongbwalu,6/7/2026,98
Nyankunde,6/7/2026,26
Bambu,6/7/2026,5
Aru,6/7/2026,3
Kilo,6/7/2026,4
Nizi,6/7/2026,5
Mangala,6/7/2026,1
Damas,6/7/2026,3
Aungba,6/7/2026,1
Gety,6/7/2026,1
Komanda,6/7/2026,3
Lita,6/7/2026,4
Logo,6/7/2026,2
Mambasa,6/7/2026,2
Rimba,6/7/2026,3
Katwa,6/7/2026,11
Beni,6/7/2026,9
Butembo,6/7/2026,4
Oicha,6/7/2026,2
Kalunguta,6/7/2026,1
Kyondo,6/7/2026,1
Goma,6/7/2026,1
Miti-Murhesa,6/7/2026,3
Unknown,6/7/2026,94
Bunia,6/8/2026,163
Rwampara,6/8/2026,122
Mongbwalu,6/8/2026,114
Nyankunde,6/8/2026,32
Bambu,6/8/2026,5
Aru,6/8/2026,3
Kilo,6/8/2026,4
Nizi,6/8/2026,5
Mangala,6/8/2026,1
Damas,6/8/2026,3
Aungba,6/8/2026,2
Gety,6/8/2026,1
Komanda,6/8/2026,3
Lita,6/8/2026,4
Logo,6/8/2026,2
Mambasa,6/8/2026,2
Rimba,6/8/2026,3
Katwa,6/8/2026,12
Beni,6/8/2026,9
Butembo,6/8/2026,6
Oicha,6/8/2026,2
Kalunguta,6/8/2026,1
Kyondo,6/8/2026,1
Goma,6/8/2026,1
Miti-Murhesa,6/8/2026,1
Unknown,6/8/2026,94
Bunia,6/9/2026,173
Rwampara,6/9/2026,133
Mongbwalu,6/9/2026,127
Nyankunde,6/9/2026,32
Bambu,6/9/2026,5
Aru,6/9/2026,3
Kilo,6/9/2026,4
Nizi,6/9/2026,5
Mangala,6/9/2026,1
Damas,6/9/2026,3
Aungba,6/9/2026,2
Gety,6/9/2026,1
Komanda,6/9/2026,3
Lita,6/9/2026,5
Logo,6/9/2026,2
Mambasa,6/9/2026,2
Rimba,6/9/2026,3
Tchomia,6/9/2026,2
Katwa,6/9/2026,12
Beni,6/9/2026,9
Butembo,6/9/2026,6
Oicha,6/9/2026,2
Kalunguta,6/9/2026,1
Kyondo,6/9/2026,1
Goma,6/9/2026,1
Miti-Murhesa,6/9/2026,3
Unknown,6/9/2026,94
Bunia,6/10/2026,185
Rwampara,6/10/2026,137
Mongbwalu,6/10/2026,132
Nyankunde,6/10/2026,33
Bambu,6/10/2026,7
Aru,6/10/2026,3
Kilo,6/10/2026,4
Nizi,6/10/2026,7
Mangala,6/10/2026,2
Damas,6/10/2026,3
Aungba,6/10/2026,2
Gety,6/10/2026,1
Komanda,6/10/2026,3
Lita,6/10/2026,6
Logo,6/10/2026,2
Mambasa,6/10/2026,2
Rimba,6/10/2026,3
Tchomia,6/10/2026,2
Kambala,6/10/2026,1
Katwa,6/10/2026,18
Beni,6/10/2026,9
Butembo,6/10/2026,9
Oicha,6/10/2026,2
Kalunguta,6/10/2026,1
Kyondo,6/10/2026,2
Goma,6/10/2026,1
Masereka,6/10/2026,1
Vuhovi,6/10/2026,1
Miti-Murhesa,6/10/2026,3
Unknown,6/10/2026,94
Bunia,6/11/2026,191
Rwampara,6/11/2026,142
Mongbwalu,6/11/2026,136
Nyankunde,6/11/2026,33
Bambu,6/11/2026,7
Aru,6/11/2026,3
Kilo,6/11/2026,4
Nizi,6/11/2026,9
Mangala,6/11/2026,2
Damas,6/11/2026,3
Aungba,6/11/2026,2
Gety,6/11/2026,1
Komanda,6/11/2026,3
Lita,6/11/2026,6
Logo,6/11/2026,2
Mambasa,6/11/2026,2
Rimba,6/11/2026,3
Tchomia,6/11/2026,2
Kambala,6/11/2026,1
Katwa,6/11/2026,16
Beni,6/11/2026,9
Butembo,6/11/2026,7
Oicha,6/11/2026,2
Kalunguta,6/11/2026,1
Kyondo,6/11/2026,2
Goma,6/11/2026,1
Masereka,6/11/2026,1
Vuhovi,6/11/2026,1
Miti-Murhesa,6/11/2026,3
Unknown,6/11/2026,94
Bunia,6/13/2026,212
Rwampara,6/13/2026,149
Mongbwalu,6/13/2026,164
Nyankunde,6/13/2026,38
Bambu,6/13/2026,7
Aru,6/13/2026,3
Kilo,6/13/2026,4
Nizi,6/13/2026,11
Mangala,6/13/2026,5
Damas,6/13/2026,4
Aungba,6/13/2026,2
Gety,6/13/2026,1
Komanda,6/13/2026,6
Lita,6/13/2026,6
Logo,6/13/2026,2
Mambasa,6/13/2026,2
Rimba,6/13/2026,3
Tchomia,6/13/2026,2
Kambala,6/13/2026,1
Nia-Nia,6/13/2026,1
Katwa,6/13/2026,21
Beni,6/13/2026,14
Butembo,6/13/2026,18
Oicha,6/13/2026,2
Kalunguta,6/13/2026,1
Kyondo,6/13/2026,2
Goma,6/13/2026,1
Masereka,6/13/2026,1
Vuhovi,6/13/2026,1
Mabalako,6/13/2026,1
Miti-Murhesa,6/13/2026,3
Unknown,6/13/2026,94
Bunia,6/14/2026,215
Rwampara,6/14/2026,152
Mongbwalu,6/14/2026,175
Nyankunde,6/14/2026,42
Bambu,6/14/2026,7
Aru,6/14/2026,3
Kilo,6/14/2026,4
Nizi,6/14/2026,11
Mangala,6/14/2026,5
Damas,6/14/2026,4
Aungba,6/14/2026,2
Gety,6/14/2026,1
Komanda,6/14/2026,6
Lita,6/14/2026,6
Logo,6/14/2026,2
Mambasa,6/14/2026,2
Rimba,6/14/2026,3
Tchomia,6/14/2026,2
Kambala,6/14/2026,1
Nia-Nia,6/14/2026,1
Katwa,6/14/2026,25
Beni,6/14/2026,14
Butembo,6/14/2026,19
Oicha,6/14/2026,2
Kalunguta,6/14/2026,1
Kyondo,6/14/2026,2
Goma,6/14/2026,1
Masereka,6/14/2026,1
Vuhovi,6/14/2026,1
Mabalako,6/14/2026,1
Miti-Murhesa,6/14/2026,3
Unknown,6/14/2026,94
Bunia,6/15/2026,215
Rwampara,6/15/2026,192
Mongbwalu,6/15/2026,185
Nyankunde,6/15/2026,45
Bambu,6/15/2026,7
Aru,6/15/2026,3
Kilo,6/15/2026,4
Nizi,6/15/2026,16
Mangala,6/15/2026,5
Damas,6/15/2026,4
Aungba,6/15/2026,2
Gety,6/15/2026,1
Komanda,6/15/2026,7
Lita,6/15/2026,9
Logo,6/15/2026,2
Mambasa,6/15/2026,2
Rimba,6/15/2026,3
Tchomia,6/15/2026,2
Kambala,6/15/2026,1
Nia-Nia,6/15/2026,1
Katwa,6/15/2026,25
Beni,6/15/2026,14
Butembo,6/15/2026,19
Oicha,6/15/2026,2
Kalunguta,6/15/2026,1
Kyondo,6/15/2026,2
Goma,6/15/2026,1
Masereka,6/15/2026,1
Vuhovi,6/15/2026,1
Mabalako,6/15/2026,1
Miti-Murhesa,6/15/2026,3
Unknown,6/15/2026,94
Bunia,6/16/2026,226
Rwampara,6/16/2026,172
Mongbwalu,6/16/2026,189
Nyankunde,6/16/2026,45
Bambu,6/16/2026,7
Nizi,6/16/2026,16
Komanda,6/16/2026,7
Lita,6/16/2026,9
Mangala,6/16/2026,5
Tchomia,6/16/2026,5
Kilo,6/16/2026,4
Damas,6/16/2026,4
Rimba,6/16/2026,3
Aru,6/16/2026,3
Aungba,6/16/2026,2
Mambasa,6/16/2026,2
Logo,6/16/2026,2
Fataki,6/16/2026,1
Gety,6/16/2026,1
Kambala,6/16/2026,1
Nia-Nia,6/16/2026,1
Katwa,6/16/2026,23
Butembo,6/16/2026,24
Beni,6/16/2026,14
Oicha,6/16/2026,3
Kyondo,6/16/2026,2
Kalunguta,6/16/2026,2
Goma,6/16/2026,1
Masereka,6/16/2026,1
Vuhovi,6/16/2026,1
Mabalako,6/16/2026,1
Musienene,6/16/2026,1
Miti-Murhesa,6/16/2026,3
Bunia,6/17/2026,247
Rwampara,6/17/2026,195
Mongbwalu,6/17/2026,189
Nyankunde,6/17/2026,68
Nizi,6/17/2026,25
Lita,6/17/2026,18
Komanda,6/17/2026,10
Bambu,6/17/2026,9
Kilo,6/17/2026,7
Mangala,6/17/2026,5
Tchomia,6/17/2026,5
Damas,6/17/2026,4
Aungba,6/17/2026,4
Rimba,6/17/2026,3
Aru,6/17/2026,3
Mambasa,6/17/2026,2
Logo,6/17/2026,2
Drodro,6/17/2026,1
Gety,6/17/2026,1
Kambala,6/17/2026,1
Nia-Nia,6/17/2026,1
Fataki,6/17/2026,1
Unknown,6/17/2026,17
Butembo,6/17/2026,25
Katwa,6/17/2026,24
Beni,6/17/2026,15
Oicha,6/17/2026,3
Kalunguta,6/17/2026,2
Kyondo,6/17/2026,2
Goma,6/17/2026,1
Masereka,6/17/2026,1
Vuhovi,6/17/2026,1
Mabalako,6/17/2026,1
Musienene,6/17/2026,1
Miti-Murhesa,6/17/2026,3
Bunia,6/18/2026,253
Rwampara,6/18/2026,199
Mongbwalu,6/18/2026,198
Nyankunde,6/18/2026,77
Nizi,6/18/2026,26
Lita,6/18/2026,20
Komanda,6/18/2026,10
Bambu,6/18/2026,9
Kilo,6/18/2026,7
Mangala,6/18/2026,7
Tchomia,6/18/2026,5
Damas,6/18/2026,4
Aungba,6/18/2026,6
Rimba,6/18/2026,3
Aru,6/18/2026,3
Mambasa,6/18/2026,2
Logo,6/18/2026,2
Drodro,6/18/2026,1
Gety,6/18/2026,1
Kambala,6/18/2026,1
Nia-Nia,6/18/2026,1
Fataki,6/18/2026,1
Butembo,6/18/2026,25
Katwa,6/18/2026,24
Beni,6/18/2026,16
Oicha,6/18/2026,3
Kalunguta,6/18/2026,2
Kyondo,6/18/2026,2
Goma,6/18/2026,1
Masereka,6/18/2026,1
Vuhovi,6/18/2026,1
Mabalako,6/18/2026,1
Musienene,6/18/2026,1
Miti-Murhesa,6/18/2026,3
Unknown,6/18/2026,17
Bunia,6/19/2026,259
Rwampara,6/19/2026,201
Mongbwalu,6/19/2026,209
Nyankunde,6/19/2026,79
Nizi,6/19/2026,26
Lita,6/19/2026,20
Komanda,6/19/2026,10
Bambu,6/19/2026,9
Kilo,6/19/2026,7
Mangala,6/19/2026,7
Tchomia,6/19/2026,5
Damas,6/19/2026,4
Aungba,6/19/2026,6
Rimba,6/19/2026,3
Aru,6/19/2026,3
Mambasa,6/19/2026,2
Logo,6/19/2026,2
Drodro,6/19/2026,1
Gety,6/19/2026,1
Kambala,6/19/2026,1
Nia-Nia,6/19/2026,1
Fataki,6/19/2026,1
Butembo,6/19/2026,25
Katwa,6/19/2026,26
Beni,6/19/2026,16
Oicha,6/19/2026,3
Kalunguta,6/19/2026,2
Kyondo,6/19/2026,2
Goma,6/19/2026,1
Masereka,6/19/2026,1
Vuhovi,6/19/2026,1
Mabalako,6/19/2026,1
Musienene,6/19/2026,1
Miti-Murhesa,6/19/2026,3
Unknown,6/19/2026,17
Bunia,6/20/2026,275
Rwampara,6/20/2026,211
Mongbwalu,6/20/2026,220
Nyankunde,6/20/2026,79
Nizi,6/20/2026,26
Lita,6/20/2026,20
Komanda,6/20/2026,10
Bambu,6/20/2026,14
Kilo,6/20/2026,7
Mangala,6/20/2026,7
Tchomia,6/20/2026,5
Damas,6/20/2026,4
Aungba,6/20/2026,6
Rimba,6/20/2026,3
Aru,6/20/2026,3
Mambasa,6/20/2026,2
Logo,6/20/2026,2
Drodro,6/20/2026,1
Gety,6/20/2026,1
Kambala,6/20/2026,1
Nia-Nia,6/20/2026,1
Fataki,6/20/2026,1
Butembo,6/20/2026,27
Katwa,6/20/2026,28
Beni,6/20/2026,17
Oicha,6/20/2026,3
Kalunguta,6/20/2026,2
Kyondo,6/20/2026,2
Goma,6/20/2026,1
Masereka,6/20/2026,1
Vuhovi,6/20/2026,1
Mabalako,6/20/2026,1
Musienene,6/20/2026,1
Miti-Murhesa,6/20/2026,3
Unknown,6/20/2026,17
Bunia,6/21/2026,285
Rwampara,6/21/2026,215
Mongbwalu,6/21/2026,229
Nyankunde,6/21/2026,86
Nizi,6/21/2026,26
Lita,6/21/2026,21
Komanda,6/21/2026,10
Bambu,6/21/2026,14
Kilo,6/21/2026,7
Mangala,6/21/2026,11
Tchomia,6/21/2026,7
Damas,6/21/2026,4
Aungba,6/21/2026,6
Rimba,6/21/2026,3
Aru,6/21/2026,3
Mambasa,6/21/2026,2
Logo,6/21/2026,2
Drodro,6/21/2026,1
Gety,6/21/2026,1
Kambala,6/21/2026,1
Nia-Nia,6/21/2026,2
Fataki,6/21/2026,1
Butembo,6/21/2026,28
Katwa,6/21/2026,31
Beni,6/21/2026,18
Oicha,6/21/2026,3
Kalunguta,6/21/2026,2
Kyondo,6/21/2026,3
Goma,6/21/2026,1
Masereka,6/21/2026,1
Vuhovi,6/21/2026,1
Mabalako,6/21/2026,1
Musienene,6/21/2026,2
Miti-Murhesa,6/21/2026,3
Unknown,6/21/2026,17
Bunia,6/22/2026,296
Rwampara,6/22/2026,225
Mongbwalu,6/22/2026,237
Nyankunde,6/22/2026,86
Nizi,6/22/2026,30
Lita,6/22/2026,24
Komanda,6/22/2026,10
Bambu,6/22/2026,14
Kilo,6/22/2026,7
Mangala,6/22/2026,14
Tchomia,6/22/2026,8
Damas,6/22/2026,4
Aungba,6/22/2026,6
Rimba,6/22/2026,3
Aru,6/22/2026,3
Mambasa,6/22/2026,2
Logo,6/22/2026,5
Drodro,6/22/2026,1
Gety,6/22/2026,1
Kambala,6/22/2026,1
Nia-Nia,6/22/2026,2
Fataki,6/22/2026,1
Butembo,6/22/2026,28
Katwa,6/22/2026,32
Beni,6/22/2026,20
Oicha,6/22/2026,3
Kalunguta,6/22/2026,2
Kyondo,6/22/2026,3
Goma,6/22/2026,1
Masereka,6/22/2026,1
Vuhovi,6/22/2026,1
Mabalako,6/22/2026,1
Musienene,6/22/2026,2
Miti-Murhesa,6/22/2026,3
Unknown,6/22/2026,17
Bunia,6/23/2026,304
Rwampara,6/23/2026,225
Mongbwalu,6/23/2026,241
Nyankunde,6/23/2026,86
Nizi,6/23/2026,30
Lita,6/23/2026,26
Komanda,6/23/2026,13
Bambu,6/23/2026,14
Kilo,6/23/2026,7
Mangala,6/23/2026,17
Tchomia,6/23/2026,8
Damas,6/23/2026,4
Aungba,6/23/2026,6
Rimba,6/23/2026,3
Aru,6/23/2026,3
Mambasa,6/23/2026,2
Logo,6/23/2026,5
Drodro,6/23/2026,1
Gety,6/23/2026,1
Kambala,6/23/2026,1
Nia-Nia,6/23/2026,5
Fataki,6/23/2026,1
Butembo,6/23/2026,29
Katwa,6/23/2026,32
Beni,6/23/2026,20
Oicha,6/23/2026,3
Kalunguta,6/23/2026,2
Kyondo,6/23/2026,3
Goma,6/23/2026,1
Masereka,6/23/2026,1
Vuhovi,6/23/2026,1
Mabalako,6/23/2026,1
Musienene,6/23/2026,2
Unknown,6/23/2026,17
Bunia,6/24/2026,314
Rwampara,6/24/2026,237
Mongbwalu,6/24/2026,245
Nyankunde,6/24/2026,91
Nizi,6/24/2026,30
Lita,6/24/2026,26
Komanda,6/24/2026,13
Bambu,6/24/2026,14
Kilo,6/24/2026,9
Mangala,6/24/2026,17
Tchomia,6/24/2026,9
Damas,6/24/2026,4
Aungba,6/24/2026,6
Rimba,6/24/2026,3
Aru,6/24/2026,3
Mambasa,6/24/2026,2
Logo,6/24/2026,5
Drodro,6/24/2026,1
Gety,6/24/2026,1
Kambala,6/24/2026,1
Nia-Nia,6/24/2026,5
Fataki,6/24/2026,1
Butembo,6/24/2026,31
Katwa,6/24/2026,33
Beni,6/24/2026,20
Oicha,6/24/2026,3
Kalunguta,6/24/2026,2
Kyondo,6/24/2026,3
Goma,6/24/2026,1
Masereka,6/24/2026,1
Vuhovi,6/24/2026,1
Mabalako,6/24/2026,1
Musienene,6/24/2026,2
Miti-Murhesa,6/24/2026,3
Unknown,6/24/2026,17
Bunia,6/25/2026,323
Rwampara,6/25/2026,258
Mongbwalu,6/25/2026,250
Nyankunde,6/25/2026,93
Nizi,6/25/2026,32
Lita,6/25/2026,26
Komanda,6/25/2026,13
Bambu,6/25/2026,14
Kilo,6/25/2026,9
Mangala,6/25/2026,17
Tchomia,6/25/2026,10
Damas,6/25/2026,4
Aungba,6/25/2026,6
Rimba,6/25/2026,3
Aru,6/25/2026,3
Mambasa,6/25/2026,2
Logo,6/25/2026,7
Drodro,6/25/2026,1
Gety,6/25/2026,1
Kambala,6/25/2026,1
Nia-Nia,6/25/2026,5
Fataki,6/25/2026,1
Butembo,6/25/2026,33
Katwa,6/25/2026,35
Beni,6/25/2026,22
Oicha,6/25/2026,3
Kalunguta,6/25/2026,2
Kyondo,6/25/2026,3
Goma,6/25/2026,1
Masereka,6/25/2026,1
Vuhovi,6/25/2026,1
Mabalako,6/25/2026,1
Musienene,6/25/2026,2
Miti-Murhesa,6/25/2026,3
Unknown,6/25/2026,17
Bunia,6/29/2026,358
Rwampara,6/29/2026,295
Mongbwalu,6/29/2026,258
Nyankunde,6/29/2026,94
Nizi,6/29/2026,41
Lita,6/29/2026,29
Komanda,6/29/2026,16
Bambu,6/29/2026,16
Kilo,6/29/2026,9
Mangala,6/29/2026,24
Tchomia,6/29/2026,13
Damas,6/29/2026,5
Aungba,6/29/2026,6
Rimba,6/29/2026,3
Aru,6/29/2026,3
Mambasa,6/29/2026,2
Logo,6/29/2026,7
Drodro,6/29/2026,3
Gety,6/29/2026,1
Kambala,6/29/2026,1
Nia-Nia,6/29/2026,11
Fataki,6/29/2026,1
Mandima,6/29/2026,1
Butembo,6/29/2026,34
Katwa,6/29/2026,45
Beni,6/29/2026,22
Oicha,6/29/2026,3
Kalunguta,6/29/2026,2
Kyondo,6/29/2026,3
Goma,6/29/2026,1
Masereka,6/29/2026,1
Vuhovi,6/29/2026,1
Mabalako,6/29/2026,1
Musienene,6/29/2026,3
Miti-Murhesa,6/29/2026,3
Unknown,6/29/2026,17
Bunia,6/30/2026,387
Rwampara,6/30/2026,301
Mongbwalu,6/30/2026,264
Nyankunde,6/30/2026,95
Nizi,6/30/2026,61
Lita,6/30/2026,29
Komanda,6/30/2026,18
Bambu,6/30/2026,16
Kilo,6/30/2026,9
Mangala,6/30/2026,24
Tchomia,6/30/2026,14
Damas,6/30/2026,5
Aungba,6/30/2026,6
Rimba,6/30/2026,3
Aru,6/30/2026,3
Mambasa,6/30/2026,2
Logo,6/30/2026,7
Drodro,6/30/2026,3
Gety,6/30/2026,1
Kambala,6/30/2026,2
Nia-Nia,6/30/2026,12
Fataki,6/30/2026,1
Mandima,6/30/2026,2
Lolwa,6/30/2026,1
Butembo,6/30/2026,34
Katwa,6/30/2026,47
Beni,6/30/2026,24
Oicha,6/30/2026,3
Kalunguta,6/30/2026,2
Kyondo,6/30/2026,3
Goma,6/30/2026,1
Masereka,6/30/2026,1
Vuhovi,6/30/2026,1
Mabalako,6/30/2026,1
Musienene,6/30/2026,3
Miti-Murhesa,6/30/2026,3
Unknown,6/30/2026,17
Bunia,7/1/2026,416
Rwampara,7/1/2026,308
Mongbwalu,7/1/2026,270
Nyankunde,7/1/2026,95
Nizi,7/1/2026,65
Lita,7/1/2026,32
Komanda,7/1/2026,19
Bambu,7/1/2026,16
Kilo,7/1/2026,9
Mangala,7/1/2026,24
Tchomia,7/1/2026,14
Damas,7/1/2026,5
Aungba,7/1/2026,6
Rimba,7/1/2026,3
Aru,7/1/2026,3
Mambasa,7/1/2026,2
Logo,7/1/2026,7
Drodro,7/1/2026,3
Gety,7/1/2026,1
Kambala,7/1/2026,2
Nia-Nia,7/1/2026,12
Fataki,7/1/2026,1
Mandima,7/1/2026,2
Lolwa,7/1/2026,1
Butembo,7/1/2026,34
Katwa,7/1/2026,49
Beni,7/1/2026,26
Oicha,7/1/2026,3
Kalunguta,7/1/2026,2
Kyondo,7/1/2026,3
Goma,7/1/2026,1
Masereka,7/1/2026,1
Vuhovi,7/1/2026,1
Mabalako,7/1/2026,1
Musienene,7/1/2026,3
Miti-Murhesa,7/1/2026,3
Unknown,7/1/2026,17
Bunia,7/2/2026,426
Rwampara,7/2/2026,322
Mongbwalu,7/2/2026,273
Nyankunde,7/2/2026,95
Nizi,7/2/2026,65
Lita,7/2/2026,33
Komanda,7/2/2026,19
Bambu,7/2/2026,18
Kilo,7/2/2026,9
Mangala,7/2/2026,24
Tchomia,7/2/2026,15
Damas,7/2/2026,5
Aungba,7/2/2026,6
Rimba,7/2/2026,3
Aru,7/2/2026,3
Mambasa,7/2/2026,2
Logo,7/2/2026,7
Drodro,7/2/2026,3
Gety,7/2/2026,1
Kambala,7/2/2026,2
Nia-Nia,7/2/2026,12
Fataki,7/2/2026,1
Mandima,7/2/2026,4
Lolwa,7/2/2026,1
Butembo,7/2/2026,38
Katwa,7/2/2026,51
Beni,7/2/2026,28
Oicha,7/2/2026,3
Kalunguta,7/2/2026,2
Kyondo,7/2/2026,3
Goma,7/2/2026,2
Masereka,7/2/2026,1
Vuhovi,7/2/2026,1
Mabalako,7/2/2026,1
Musienene,7/2/2026,3
Miti-Murhesa,7/2/2026,3
Unknown,7/2/2026,17
Bunia,7/3/2026,431
Rwampara,7/3/2026,333
Mongbwalu,7/3/2026,276
Nyankunde,7/3/2026,95
Nizi,7/3/2026,65
Lita,7/3/2026,33
Komanda,7/3/2026,19
Bambu,7/3/2026,18
Kilo,7/3/2026,9
Mangala,7/3/2026,26
Tchomia,7/3/2026,15
Damas,7/3/2026,5
Aungba,7/3/2026,6
Rimba,7/3/2026,3
Aru,7/3/2026,3
Mambasa,7/3/2026,2
Logo,7/3/2026,7
Drodro,7/3/2026,3
Gety,7/3/2026,1
Kambala,7/3/2026,2
Nia-Nia,7/3/2026,12
Fataki,7/3/2026,1
Mandima,7/3/2026,4
Lolwa,7/3/2026,1
Butembo,7/3/2026,40
Katwa,7/3/2026,51
Beni,7/3/2026,29
Oicha,7/3/2026,3
Kalunguta,7/3/2026,2
Kyondo,7/3/2026,4
Goma,7/3/2026,1
Masereka,7/3/2026,2
Vuhovi,7/3/2026,1
Mabalako,7/3/2026,1
Musienene,7/3/2026,4
Miti-Murhesa,7/3/2026,3
Unknown,7/3/2026,17
Bunia,7/4/2026,438
Rwampara,7/4/2026,344
Mongbwalu,7/4/2026,278
Nyankunde,7/4/2026,95
Nizi,7/4/2026,72
Lita,7/4/2026,33
Komanda,7/4/2026,22
Bambu,7/4/2026,18
Kilo,7/4/2026,9
Mangala,7/4/2026,26
Tchomia,7/4/2026,15
Damas,7/4/2026,5
Aungba,7/4/2026,6
Rimba,7/4/2026,3
Aru,7/4/2026,3
Mambasa,7/4/2026,2
Logo,7/4/2026,7
Drodro,7/4/2026,3
Gety,7/4/2026,1
Kambala,7/4/2026,2
Nia-Nia,7/4/2026,12
Fataki,7/4/2026,1
Mandima,7/4/2026,4
Lolwa,7/4/2026,1
Butembo,7/4/2026,40
Katwa,7/4/2026,52
Beni,7/4/2026,29
Oicha,7/4/2026,3
Kalunguta,7/4/2026,2
Kyondo,7/4/2026,4
Goma,7/4/2026,1
Masereka,7/4/2026,2
Vuhovi,7/4/2026,1
Mabalako,7/4/2026,1
Musienene,7/4/2026,6
Miti-Murhesa,7/4/2026,3
Unknown,7/4/2026,17
Bunia,7/5/2026,452
Rwampara,7/5/2026,349
Mongbwalu,7/5/2026,288
Nyankunde,7/5/2026,96
Nizi,7/5/2026,78
Lita,7/5/2026,33
Komanda,7/5/2026,22
Bambu,7/5/2026,25
Kilo,7/5/2026,9
Mangala,7/5/2026,33
Tchomia,7/5/2026,15
Damas,7/5/2026,5
Aungba,7/5/2026,6
Rimba,7/5/2026,4
Aru,7/5/2026,3
Mambasa,7/5/2026,2
Logo,7/5/2026,7
Drodro,7/5/2026,3
Gety,7/5/2026,1
Kambala,7/5/2026,2
Nia-Nia,7/5/2026,20
Fataki,7/5/2026,2
Mandima,7/5/2026,4
Lolwa,7/5/2026,1
Butembo,7/5/2026,40
Katwa,7/5/2026,52
Beni,7/5/2026,29
Oicha,7/5/2026,3
Kalunguta,7/5/2026,2
Kyondo,7/5/2026,4
Goma,7/5/2026,1
Masereka,7/5/2026,3
Vuhovi,7/5/2026,1
Mabalako,7/5/2026,1
Musienene,7/5/2026,8
Miti-Murhesa,7/5/2026,3
Unknown,7/5/2026,17
Bunia,7/6/2026,472
Rwampara,7/6/2026,357
Mongbwalu,7/6/2026,298
Nyankunde,7/6/2026,96
Nizi,7/6/2026,84
Lita,7/6/2026,40
Komanda,7/6/2026,23
Bambu,7/6/2026,28
Kilo,7/6/2026,9
Mangala,7/6/2026,39
Tchomia,7/6/2026,15
Damas,7/6/2026,5
Aungba,7/6/2026,6
Rimba,7/6/2026,4
Aru,7/6/2026,3
Mambasa,7/6/2026,4
Logo,7/6/2026,7
Drodro,7/6/2026,3
Gety,7/6/2026,1
Kambala,7/6/2026,2
Nia-Nia,7/6/2026,33
Fataki,7/6/2026,3
Mandima,7/6/2026,5
Lolwa,7/6/2026,1
Boga,7/6/2026,1
Butembo,7/6/2026,41
Katwa,7/6/2026,56
Beni,7/6/2026,29
Oicha,7/6/2026,3
Kalunguta,7/6/2026,2
Kyondo,7/6/2026,4
Goma,7/6/2026,1
Masereka,7/6/2026,3
Vuhovi,7/6/2026,1
Mabalako,7/6/2026,1
Musienene,7/6/2026,8
Miti-Murhesa,7/6/2026,3
Unknown,7/6/2026,17
Bunia,7/7/2026,483
Rwampara,7/7/2026,364
Mongbwalu,7/7/2026,310
Nyankunde,7/7/2026,97
Nizi,7/7/2026,94
Lita,7/7/2026,40
Komanda,7/7/2026,23
Bambu,7/7/2026,28
Kilo,7/7/2026,9
Mangala,7/7/2026,40
Tchomia,7/7/2026,15
Damas,7/7/2026,5
Aungba,7/7/2026,6
Rimba,7/7/2026,4
Aru,7/7/2026,3
Mambasa,7/7/2026,4
Logo,7/7/2026,7
Drodro,7/7/2026,3
Gety,7/7/2026,1
Kambala,7/7/2026,2
Nia-Nia,7/7/2026,35
Fataki,7/7/2026,4
Mandima,7/7/2026,5
Lolwa,7/7/2026,1
Boga,7/7/2026,1
Butembo,7/7/2026,42
Katwa,7/7/2026,61
Beni,7/7/2026,29
Oicha,7/7/2026,3
Kalunguta,7/7/2026,2
Kyondo,7/7/2026,4
Goma,7/7/2026,1
Masereka,7/7/2026,3
Vuhovi,7/7/2026,1
Mabalako,7/7/2026,1
Musienene,7/7/2026,8
Miti-Murhesa,7/7/2026,3
Unknown,7/7/2026,17
Bunia,7/8/2026,487
Rwampara,7/8/2026,370
Mongbwalu,7/8/2026,315
Nyankunde,7/8/2026,97
Nizi,7/8/2026,104
Lita,7/8/2026,41
Komanda,7/8/2026,23
Bambu,7/8/2026,29
Kilo,7/8/2026,9
Mangala,7/8/2026,43
Tchomia,7/8/2026,15
Damas,7/8/2026,5
Aungba,7/8/2026,6
Rimba,7/8/2026,4
Aru,7/8/2026,3
Mambasa,7/8/2026,4
Logo,7/8/2026,7
Drodro,7/8/2026,3
Gety,7/8/2026,1
Kambala,7/8/2026,2
Nia-Nia,7/8/2026,35
Fataki,7/8/2026,4
Mandima,7/8/2026,5
Lolwa,7/8/2026,1
Boga,7/8/2026,1
Butembo,7/8/2026,42
Katwa,7/8/2026,61
Beni,7/8/2026,29
Oicha,7/8/2026,3
Kalunguta,7/8/2026,2
Kyondo,7/8/2026,4
Goma,7/8/2026,1
Masereka,7/8/2026,3
Vuhovi,7/8/2026,1
Mabalako,7/8/2026,1
Musienene,7/8/2026,8
Miti-Murhesa,7/8/2026,3
Unknown,7/8/2026,17
Bunia,7/9/2026,495
Rwampara,7/9/2026,373
Mongbwalu,7/9/2026,327
Nyankunde,7/9/2026,97
Nizi,7/9/2026,107
Lita,7/9/2026,42
Komanda,7/9/2026,25
Bambu,7/9/2026,29
Kilo,7/9/2026,9
Mangala,7/9/2026,43
Tchomia,7/9/2026,17
Damas,7/9/2026,5
Aungba,7/9/2026,6
Rimba,7/9/2026,4
Aru,7/9/2026,3
Mambasa,7/9/2026,5
Logo,7/9/2026,7
Drodro,7/9/2026,3
Gety,7/9/2026,1
Kambala,7/9/2026,2
Nia-Nia,7/9/2026,35
Fataki,7/9/2026,4
Mandima,7/9/2026,5
Lolwa,7/9/2026,1
Boga,7/9/2026,1
Butembo,7/9/2026,43
Katwa,7/9/2026,66
Beni,7/9/2026,30
Oicha,7/9/2026,3
Kalunguta,7/9/2026,2
Kyondo,7/9/2026,5
Goma,7/9/2026,1
Masereka,7/9/2026,3
Vuhovi,7/9/2026,1
Mabalako,7/9/2026,1
Musienene,7/9/2026,9
Miti-Murhesa,7/9/2026,3
Unknown,7/9/2026,17
Bunia,7/10/2026,503
Rwampara,7/10/2026,384
Mongbwalu,7/10/2026,329
Nyankunde,7/10/2026,97
Nizi,7/10/2026,110
Lita,7/10/2026,45
Komanda,7/10/2026,25
Bambu,7/10/2026,31
Kilo,7/10/2026,9
Mangala,7/10/2026,50
Tchomia,7/10/2026,19
Damas,7/10/2026,5
Aungba,7/10/2026,6
Rimba,7/10/2026,4
Aru,7/10/2026,3
Mambasa,7/10/2026,5
Logo,7/10/2026,7
Drodro,7/10/2026,4
Gety,7/10/2026,1
Kambala,7/10/2026,2
Nia-Nia,7/10/2026,35
Fataki,7/10/2026,4
Mandima,7/10/2026,8
Lolwa,7/10/2026,1
Boga,7/10/2026,1
Butembo,7/10/2026,43
Katwa,7/10/2026,67
Beni,7/10/2026,30
Oicha,7/10/2026,3
Kalunguta,7/10/2026,2
Kyondo,7/10/2026,5
Goma,7/10/2026,1
Masereka,7/10/2026,3
Vuhovi,7/10/2026,1
Mabalako,7/10/2026,1
Musienene,7/10/2026,9
Miti-Murhesa,7/10/2026,3
Wamba,7/10/2026,1
Makiso-Kisangani,7/10/2026,2
Mangobo,7/10/2026,1
Lubunga (Tshopo),7/10/2026,1
Unknown,7/10/2026,17
Bunia,7/11/2026,507
Rwampara,7/11/2026,393
Mongbwalu,7/11/2026,336
Nyankunde,7/11/2026,99
Nizi,7/11/2026,121
Lita,7/11/2026,48
Komanda,7/11/2026,27
Bambu,7/11/2026,31
Kilo,7/11/2026,9
Mangala,7/11/2026,50
Tchomia,7/11/2026,19
Damas,7/11/2026,5
Aungba,7/11/2026,6
Rumba,7/11/2026,4
Aru,7/11/2026,3
Mambasa,7/11/2026,5
Logo,7/11/2026,7
Drodro,7/11/2026,4
Gety,7/11/2026,1
Kambala,7/11/2026,2
Nia-Nia,7/11/2026,36
Fataki,7/11/2026,4
Mandima,7/11/2026,8
Lolwa,7/11/2026,1
Boga,7/11/2026,1
Ariwara,7/11/2026,1
Butembo,7/11/2026,44
Katwa,7/11/2026,71
Beni,7/11/2026,30
Oicha,7/11/2026,3
Kalunguta,7/11/2026,2
Kyondo,7/11/2026,7
Goma,7/11/2026,1
Masereka,7/11/2026,3
Vuhovi,7/11/2026,1
Mabalako,7/11/2026,1
Musienene,7/11/2026,10
Miti-Murhesa,7/11/2026,3
Wamba,7/11/2026,1
Makiso-Kisangani,7/11/2026,2
Mangobo,7/11/2026,1
Lubunga (Tshopo),7/11/2026,1
Unknown,7/11/2026,17
Bunia,7/13/2026,534
Rwampara,7/13/2026,405
Mongbwalu,7/13/2026,336
Nizi,7/13/2026,131
Nyankunde,7/13/2026,99
Mangala,7/13/2026,50
Lita,7/13/2026,59
Nia-Nia,7/13/2026,36
Bambu,7/13/2026,31
Komanda,7/13/2026,27
Tchomia,7/13/2026,19
Kilo,7/13/2026,9
Mandima,7/13/2026,8
Logo,7/13/2026,7
Aungba,7/13/2026,6
Damas,7/13/2026,5
Mambasa,7/13/2026,5
Rimba,7/13/2026,4
Fataki,7/13/2026,5
Drodro,7/13/2026,5
Aru,7/13/2026,3
Kambala,7/13/2026,2
Gety,7/13/2026,1
Lolwa,7/13/2026,2
Boga,7/13/2026,1
Ariwara,7/13/2026,1
Katwa,7/13/2026,76
Butembo,7/13/2026,46
Beni,7/13/2026,31
Musienene,7/13/2026,11
Kyondo,7/13/2026,7
Kalunguta,7/13/2026,2
Masereka,7/13/2026,3
Oicha,7/13/2026,3
Goma,7/13/2026,1
Vuhovi,7/13/2026,1
Mabalako,7/13/2026,1
Miti-Murhesa,7/13/2026,3
Wamba,7/13/2026,8
Pawa,7/13/2026,3
Boma Mangbetu,7/13/2026,2
Isiro,7/13/2026,1
Makiso-Kisangani,7/13/2026,2
Mangobo,7/13/2026,1
Lubunga (Tshopo),7/13/2026,1
Unknown,7/13/2026,17
Bunia,7/15/2026,570
Rwampara,7/15/2026,418
Mongbwalu,7/15/2026,347
Nizi,7/15/2026,148
Nyankunde,7/15/2026,99
Mangala,7/15/2026,50
Lita,7/15/2026,66
Nia-Nia,7/15/2026,42
Bambu,7/15/2026,31
Komanda,7/15/2026,27
Tchomia,7/15/2026,19
Kilo,7/15/2026,10
Mandima,7/15/2026,9
Logo,7/15/2026,7
Aungba,7/15/2026,6
Damas,7/15/2026,7
Mambasa,7/15/2026,5
Rimba,7/15/2026,4
Fataki,7/15/2026,6
Drodro,7/15/2026,5
Aru,7/15/2026,3
Kambala,7/15/2026,2
Gety,7/15/2026,1
Lolwa,7/15/2026,2
Boga,7/15/2026,1
Ariwara,7/15/2026,1
Mahagi,7/15/2026,1
Katwa,7/15/2026,82
Butembo,7/15/2026,52
Beni,7/15/2026,33
Musienene,7/15/2026,14
Kyondo,7/15/2026,7
Kalunguta,7/15/2026,2
Masereka,7/15/2026,3
Oicha,7/15/2026,3
Goma,7/15/2026,1
Vuhovi,7/15/2026,1
Mabalako,7/15/2026,1
Miti-Murhesa,7/15/2026,3
Wamba,7/15/2026,8
Pawa,7/15/2026,3
Boma Mangbetu,7/15/2026,2
Isiro,7/15/2026,1
Makiso-Kisangani,7/15/2026,2
Mangobo,7/15/2026,1
Lubunga (Tshopo),7/15/2026,1
Unknown,7/15/2026,17
Bunia,7/17/2026,606
Rwampara,7/17/2026,430
Mongbwalu,7/17/2026,355
Nizi,7/17/2026,168
Nyankunde,7/17/2026,99
Mangala,7/17/2026,56
Lita,7/17/2026,77
Nia-Nia,7/17/2026,47
Bambu,7/17/2026,36
Komanda,7/17/2026,27
Tchomia,7/17/2026,21
Kilo,7/17/2026,11
Mandima,7/17/2026,9
Logo,7/17/2026,7
Aungba,7/17/2026,6
Damas,7/17/2026,7
Mambasa,7/17/2026,8
Rimba,7/17/2026,5
Fataki,7/17/2026,9
Drodro,7/17/2026,5
Aru,7/17/2026,4
Kambala,7/17/2026,2
Gety,7/17/2026,1
Lolwa,7/17/2026,2
Boga,7/17/2026,1
Ariwara,7/17/2026,6
Mahagi,7/17/2026,1
Katwa,7/17/2026,92
Butembo,7/17/2026,55
Beni,7/17/2026,34
Musienene,7/17/2026,14
Kyondo,7/17/2026,8
Kalunguta,7/17/2026,2
Masereka,7/17/2026,3
Oicha,7/17/2026,3
Goma,7/17/2026,1
Vuhovi,7/17/2026,1
Mabalako,7/17/2026,1
Miti-Murhesa,7/17/2026,3
Wamba,7/17/2026,16
Pawa,7/17/2026,3
Boma Mangbetu,7/17/2026,2
Isiro,7/17/2026,1
Makiso-Kisangani,7/17/2026,2
Mangobo,7/17/2026,1
Lubunga (Tshopo),7/17/2026,1
Unknown,7/17/2026,17
Bunia,7/18/2026,621
Rwampara,7/18/2026,440
Mongbwalu,7/18/2026,360
Nizi,7/18/2026,198
Nyankunde,7/18/2026,99
Lita,7/18/2026,77
Mangala,7/18/2026,58
Nia-Nia,7/18/2026,49
Bambu,7/18/2026,36
Komanda,7/18/2026,27
Tchomia,7/18/2026,22
Fataki,7/18/2026,11
Kilo,7/18/2026,11
Mandima,7/18/2026,9
Mambasa,7/18/2026,8
Damas,7/18/2026,7
Logo,7/18/2026,7
Ariwara,7/18/2026,6
Aungba,7/18/2026,6
Drodro,7/18/2026,5
Rimba,7/18/2026,5
Aru,7/18/2026,4
Kambala,7/18/2026,2
Lolwa,7/18/2026,2
Boga,7/18/2026,1
Gety,7/18/2026,1
Mahagi,7/18/2026,1
Katwa,7/18/2026,98
Butembo,7/18/2026,57
Beni,7/18/2026,37
Musienene,7/18/2026,18
Kyondo,7/18/2026,9
Kalunguta,7/18/2026,2
Masereka,7/18/2026,3
Oicha,7/18/2026,3
Goma,7/18/2026,1
Vuhovi,7/18/2026,1
Mabalako,7/18/2026,1
Miti-Murhesa,7/18/2026,3
Wamba,7/18/2026,6
Pawa,7/18/2026,3
Boma Mangbetu,7/18/2026,4
Isiro,7/18/2026,3
Makiso-Kisangani,7/18/2026,3
Mangobo,7/18/2026,1
Lubunga (Tshopo),7/18/2026,1
Unknown,7/18/2026,17
Bunia,7/19/2026,639
Rwampara,7/19/2026,450
Mongbwalu,7/19/2026,363
Nizi,7/19/2026,214
Nyankunde,7/19/2026,99
Lita,7/19/2026,78
Mangala,7/19/2026,61
Nia-Nia,7/19/2026,51
Bambu,7/19/2026,40
Komanda,7/19/2026,27
Tchomia,7/19/2026,23
Fataki,7/19/2026,11
Kilo,7/19/2026,11
Adja,7/19/2026,10
Mandima,7/19/2026,9
Mambasa,7/19/2026,8
Logo,7/19/2026,8
Ariwara,7/19/2026,7
Damas,7/19/2026,7
Aungba,7/19/2026,6
Drodro,7/19/2026,5
Rimba,7/19/2026,5
Aru,7/19/2026,4
Kambala,7/19/2026,2
Lolwa,7/19/2026,2
Boga,7/19/2026,1
Gety,7/19/2026,1
Mahagi,7/19/2026,1
Katwa,7/19/2026,104
Butembo,7/19/2026,58
Beni,7/19/2026,37
Musienene,7/19/2026,19
Kyondo,7/19/2026,9
Kalunguta,7/19/2026,2
Masereka,7/19/2026,3
Oicha,7/19/2026,4
Goma,7/19/2026,1
Vuhovi,7/19/2026,1
Mabalako,7/19/2026,1
Miti-Murhesa,7/19/2026,3
Wamba,7/19/2026,6
Pawa,7/19/2026,3
Boma Mangbetu,7/19/2026,4
Isiro,7/19/2026,3
Makiso-Kisangani,7/19/2026,3
Mangobo,7/19/2026,1
Lubunga,7/19/2026,1
Unknown,7/19/2026,17
Bunia,7/20/2026,657
Rwampara,7/20/2026,457
Mongbwalu,7/20/2026,364
Nizi,7/20/2026,223
Nyankunde,7/20/2026,99
Lita,7/20/2026,78
Mangala,7/20/2026,61
Nia-Nia,7/20/2026,54
Bambu,7/20/2026,40
Komanda,7/20/2026,27
Tchomia,7/20/2026,23
Fataki,7/20/2026,11
Kilo,7/20/2026,11
Adja,7/20/2026,10
Mandima,7/20/2026,10
Mambasa,7/20/2026,8
Logo,7/20/2026,8
Ariwara,7/20/2026,10
Damas,7/20/2026,7
Aungba,7/20/2026,6
Drodro,7/20/2026,5
Rimba,7/20/2026,5
Aru,7/20/2026,4
Kambala,7/20/2026,2
Lolwa,7/20/2026,2
Boga,7/20/2026,1
Gety,7/20/2026,1
Mahagi,7/20/2026,1
Katwa,7/20/2026,108
Butembo,7/20/2026,61
Beni,7/20/2026,37
Musienene,7/20/2026,19
Kyondo,7/20/2026,10
Oicha,7/20/2026,4
Kalunguta,7/20/2026,2
Masereka,7/20/2026,3
Goma,7/20/2026,1
Vuhovi,7/20/2026,1
Mabalako,7/20/2026,1
Miti-Murhesa,7/20/2026,3
Wamba,7/20/2026,6
Pawa,7/20/2026,3
Boma Mangbetu,7/20/2026,4
Isiro,7/20/2026,3
Makiso-Kisangani,7/20/2026,3
Mangobo,7/20/2026,1
Lubunga,7/20/2026,1
Unknown,7/20/2026,17
Adja,7/22/2026,10
Aru,7/22/2026,5
Ariwara,7/22/2026,7
Aungba,7/22/2026,4
Bambu,7/22/2026,51
Boga,7/22/2026,1
Bunia,7/22/2026,696
Damas,7/22/2026,13
Drodro,7/22/2026,6
Fataki,7/22/2026,17
Gety,7/22/2026,1
Kambala,7/22/2026,2
Kilo,7/22/2026,23
Komanda,7/22/2026,30
Lita,7/22/2026,101
Logo,7/22/2026,8
Lolwa,7/22/2026,4
Mahagi,7/22/2026,1
Mambasa,7/22/2026,7
Mandima,7/22/2026,13
Mangala,7/22/2026,86
Mongbwalu,7/22/2026,482
Nia-Nia,7/22/2026,78
Nizi,7/22/2026,308
Nyankunde,7/22/2026,114
Rimba,7/22/2026,7
Rwampara,7/22/2026,481
Tchomia,7/22/2026,39
Beni,7/22/2026,41
Butembo,7/22/2026,62
Goma,7/22/2026,1
Kalunguta,7/22/2026,4
Katwa,7/22/2026,121
Kyondo,7/22/2026,10
Mabalako,7/22/2026,1
Masereka,7/22/2026,4
Musienene,7/22/2026,26
Oicha,7/22/2026,4
Vuhovi,7/22/2026,1
Miti-Murhesa,7/22/2026,3
Boma Mangbetu,7/22/2026,6
Isiro,7/22/2026,8
Pawa,7/22/2026,7
Wamba,7/22/2026,6
Lubunga,7/22/2026,1
Makiso-Kisangani,7/22/2026,3
Mangobo,7/22/2026,1
Adja,7/23/2026,10
Aru,7/23/2026,5
Ariwara,7/23/2026,7
Aungba,7/23/2026,4
Bambu,7/23/2026,51
Boga,7/23/2026,1
Bunia,7/23/2026,713
Damas,7/23/2026,14
Drodro,7/23/2026,6
Fataki,7/23/2026,17
Gety,7/23/2026,1
Kambala,7/23/2026,2
Kilo,7/23/2026,23
Komanda,7/23/2026,33
Lita,7/23/2026,103
Logo,7/23/2026,9
Lolwa,7/23/2026,4
Mahagi,7/23/2026,1
Mambasa,7/23/2026,7
Mandima,7/23/2026,13
Mangala,7/23/2026,92
Mongbwalu,7/23/2026,484
Nia-Nia,7/23/2026,78
Nizi,7/23/2026,316
Nyankunde,7/23/2026,114
Rimba,7/23/2026,7
Rwampara,7/23/2026,490
Tchomia,7/23/2026,40
Beni,7/23/2026,42
Butembo,7/23/2026,63
Goma,7/23/2026,1
Kalunguta,7/23/2026,4
Katwa,7/23/2026,133
Kyondo,7/23/2026,10
Mabalako,7/23/2026,1
Masereka,7/23/2026,4
Musienene,7/23/2026,27
Oicha,7/23/2026,4
Vuhovi,7/23/2026,1
Miti-Murhesa,7/23/2026,3
Boma Mangbetu,7/23/2026,6
Isiro,7/23/2026,8
Pawa,7/23/2026,7
Rungu,7/23/2026,1
Wamba,7/23/2026,7
Lubunga,7/23/2026,1
Makiso-Kisangani,7/23/2026,3
Mangobo,7/23/2026,1
Adja,7/25/2026,11
Aru,7/25/2026,5
Ariwara,7/25/2026,7
Aungba,7/25/2026,4
Bambu,7/25/2026,54
Boga,7/25/2026,1
Bunia,7/25/2026,762
Damas,7/25/2026,16
Drodro,7/25/2026,6
Fataki,7/25/2026,17
Gety,7/25/2026,1
Kambala,7/25/2026,2
Kilo,7/25/2026,23
Komanda,7/25/2026,35
Lita,7/25/2026,117
Logo,7/25/2026,9
Lolwa,7/25/2026,4
Mahagi,7/25/2026,3
Mambasa,7/25/2026,9
Mandima,7/25/2026,13
Mangala,7/25/2026,100
Mongbwalu,7/25/2026,498
Nia-Nia,7/25/2026,89
Nizi,7/25/2026,350
Nyankunde,7/25/2026,114
Rimba,7/25/2026,8
Rwampara,7/25/2026,550
Tchomia,7/25/2026,40
Beni,7/25/2026,43
Butembo,7/25/2026,70
Goma,7/25/2026,1
Kalunguta,7/25/2026,4
Katwa,7/25/2026,138
Kyondo,7/25/2026,11
Mabalako,7/25/2026,1
Masereka,7/25/2026,4
Musienene,7/25/2026,29
Oicha,7/25/2026,4
Vuhovi,7/25/2026,1
Miti-Murhesa,7/25/2026,3
Boma Mangbetu,7/25/2026,7
Isiro,7/25/2026,12
Pawa,7/25/2026,7
Rungu,7/25/2026,1
Wamba,7/25/2026,11
Lubunga,7/25/2026,1
Makiso-Kisangani,7/25/2026,3
Mangobo,7/25/2026,1
Adja,7/26/2026,11
Aru,7/26/2026,5
Ariwara,7/26/2026,7
Aungba,7/26/2026,5
Bambu,7/26/2026,57
Boga,7/26/2026,1
Bunia,7/26/2026,773
Damas,7/26/2026,16
Drodro,7/26/2026,10
Fataki,7/26/2026,17
Gety,7/26/2026,1
Kambala,7/26/2026,2
Kilo,7/26/2026,23
Komanda,7/26/2026,35
Lita,7/26/2026,117
Logo,7/26/2026,9
Lolwa,7/26/2026,4
Mahagi,7/26/2026,3
Mambasa,7/26/2026,9
Mandima,7/26/2026,13
Mangala,7/26/2026,100
Mongbwalu,7/26/2026,506
Nia-Nia,7/26/2026,90
Nizi,7/26/2026,357
Nyankunde,7/26/2026,114
Rimba,7/26/2026,8
Rwampara,7/26/2026,568
Tchomia,7/26/2026,40
Beni,7/26/2026,44
Butembo,7/26/2026,73
Goma,7/26/2026,1
Kalunguta,7/26/2026,5
Katwa,7/26/2026,140
Kyondo,7/26/2026,12
Mabalako,7/26/2026,1
Masereka,7/26/2026,4
Musienene,7/26/2026,29
Oicha,7/26/2026,4
Vuhovi,7/26/2026,1
Miti-Murhesa,7/26/2026,3
Boma Mangbetu,7/26/2026,7
Isiro,7/26/2026,12
Pawa,7/26/2026,8
Rungu,7/26/2026,1
Wamba,7/26/2026,11
Lubunga,7/26/2026,1
Makiso-Kisangani,7/26/2026,3
Mangobo,7/26/2026,1
Adja,7/27/2026,11
Aru,7/27/2026,5
Ariwara,7/27/2026,7
Aungba,7/27/2026,5
Bambu,7/27/2026,57
Boga,7/27/2026,1
Bunia,7/27/2026,801
Damas,7/27/2026,16
Drodro,7/27/2026,10
Fataki,7/27/2026,17
Gety,7/27/2026,1
Kambala,7/27/2026,2
Kilo,7/27/2026,28
Komanda,7/27/2026,36
Lita,7/27/2026,121
Logo,7/27/2026,9
Lolwa,7/27/2026,4
Mahagi,7/27/2026,4
Mambasa,7/27/2026,9
Mandima,7/27/2026,16
Mangala,7/27/2026,100
Mongbwalu,7/27/2026,528
Nia-Nia,7/27/2026,92
Nizi,7/27/2026,360
Nyankunde,7/27/2026,114
Rimba,7/27/2026,8
Rwampara,7/27/2026,585
Tchomia,7/27/2026,41
Beni,7/27/2026,46
Butembo,7/27/2026,75
Goma,7/27/2026,1
Kalunguta,7/27/2026,5
Katwa,7/27/2026,145
Kyondo,7/27/2026,12
Mabalako,7/27/2026,1
Masereka,7/27/2026,4
Musienene,7/27/2026,31
Oicha,7/27/2026,4
Vuhovi,7/27/2026,1
Miti-Murhesa,7/27/2026,3
Boma Mangbetu,7/27/2026,7
Isiro,7/27/2026,12
Pawa,7/27/2026,8
Rungu,7/27/2026,1
Wamba,7/27/2026,11
Lubunga,7/27/2026,1
Makiso-Kisangani,7/27/2026,3
Mangobo,7/27/2026,1
Adja,7/30/2026,11
Aru,7/30/2026,5
Ariwara,7/30/2026,7
Aungba,7/30/2026,9
Bambu,7/30/2026,60
Boga,7/30/2026,1
Bunia,7/30/2026,880
Damas,7/30/2026,17
Drodro,7/30/2026,10
Fataki,7/30/2026,27
Gethy,7/30/2026,1
Kambala,7/30/2026,2
Kilo,7/30/2026,29
Komanda,7/30/2026,36
Lita,7/30/2026,131
Logo,7/30/2026,9
Lolwa,7/30/2026,7
Mahagi,7/30/2026,4
Mambasa,7/30/2026,9
Mandima,7/30/2026,16
Mangala,7/30/2026,101
Mongbwalu,7/30/2026,541
Nia-Nia,7/30/2026,95
Nizi,7/30/2026,377
Nyankunde,7/30/2026,114
Rimba,7/30/2026,9
Rwampara,7/30/2026,627
Tchomia,7/30/2026,41
Beni,7/30/2026,50
Butembo,7/30/2026,82
Goma,7/30/2026,1
Kalunguta,7/30/2026,5
Katwa,7/30/2026,166
Kyondo,7/30/2026,13
Mabalako,7/30/2026,1
Masereka,7/30/2026,4
Musienene,7/30/2026,39
Oicha,7/30/2026,4
Vuhovi,7/30/2026,1
Miti-Murhesa,7/30/2026,3
Boma Mangbetu,7/30/2026,12
Isiro,7/30/2026,16
Pawa,7/30/2026,9
Rungu,7/30/2026,1
Wamba,7/30/2026,15
Kabondo,7/30/2026,1
Lubunga,7/30/2026,1
Makiso-Kisangani,7/30/2026,4
Mangobo,7/30/2026,1
Adja,7/31/2026,11
Aru,7/31/2026,5
Ariwara,7/31/2026,7
Aungba,7/31/2026,9
Bambu,7/31/2026,60
Boga,7/31/2026,1
Bunia,7/31/2026,896
Damas,7/31/2026,17
Drodro,7/31/2026,10
Fataki,7/31/2026,35
Gethy,7/31/2026,1
Kambala,7/31/2026,2
Kilo,7/31/2026,29
Komanda,7/31/2026,36
Lita,7/31/2026,132
Logo,7/31/2026,9
Lolwa,7/31/2026,7
Mahagi,7/31/2026,4
Mambasa,7/31/2026,9
Mandima,7/31/2026,16
Mangala,7/31/2026,102
Mongbwalu,7/31/2026,545
Nia-Nia,7/31/2026,101
Nizi,7/31/2026,387
Nyankunde,7/31/2026,115
Rimba,7/31/2026,9
Rwampara,7/31/2026,633
Tchomia,7/31/2026,41
Beni,7/31/2026,57
Butembo,7/31/2026,83
Goma,7/31/2026,1
Kalunguta,7/31/2026,6
Katwa,7/31/2026,168
Kyondo,7/31/2026,13
Mabalako,7/31/2026,1
Masereka,7/31/2026,4
Musienene,7/31/2026,40
Oicha,7/31/2026,4
Vuhovi,7/31/2026,1
Miti-Murhesa,7/31/2026,3
Boma Mangbetu,7/31/2026,12
Isiro,7/31/2026,19
Pawa,7/31/2026,10
Rungu,7/31/2026,1
Wamba,7/31/2026,15
Kabondo,7/31/2026,1
Lubunga,7/31/2026,1
Makiso-Kisangani,7/31/2026,4
Mangobo,7/31/2026,1
Adja,8/1/2026,11
Aru,8/1/2026,5
Ariwara,8/1/2026,7
Aungba,8/1/2026,9
Bambu,8/1/2026,60
Boga,8/1/2026,1
Bunia,8/1/2026,905
Damas,8/1/2026,18
Drodro,8/1/2026,11
Fataki,8/1/2026,35
Gethy,8/1/2026,1
Kambala,8/1/2026,2
Kilo,8/1/2026,29
Komanda,8/1/2026,37
Lita,8/1/2026,137
Logo,8/1/2026,9
Lolwa,8/1/2026,7
Mahagi,8/1/2026,4
Mambasa,8/1/2026,10
Mandima,8/1/2026,16
Mangala,8/1/2026,105
Mongbwalu,8/1/2026,550
Nia-Nia,8/1/2026,103
Nizi,8/1/2026,397
Nyankunde,8/1/2026,115
Rimba,8/1/2026,9
Rwampara,8/1/2026,644
Tchomia,8/1/2026,41
Beni,8/1/2026,61
Butembo,8/1/2026,88
Goma,8/1/2026,1
Kalunguta,8/1/2026,6
Katwa,8/1/2026,180
Kyondo,8/1/2026,13
Mabalako,8/1/2026,1
Masereka,8/1/2026,4
Musienene,8/1/2026,41
Oicha,8/1/2026,4
Vuhovi,8/1/2026,1
Miti-Murhesa,8/1/2026,3
Boma Mangbetu,8/1/2026,12
Isiro,8/1/2026,19
Pawa,8/1/2026,12
Rungu,8/1/2026,1
Wamba,8/1/2026,16
Kabondo,8/1/2026,1
Lubunga,8/1/2026,1
Makiso-Kisangani,8/1/2026,3
Mangobo,8/1/2026,1
Wanierukula,8/1/2026,1
Adja,8/2/2026,11
Aru,8/2/2026,5
Ariwara,8/2/2026,7
Aungba,8/2/2026,10
Bambu,8/2/2026,64
Boga,8/2/2026,1
Bunia,8/2/2026,914
Damas,8/2/2026,18
Drodro,8/2/2026,11
Fataki,8/2/2026,35
Gethy,8/2/2026,1
Kambala,8/2/2026,2
Kilo,8/2/2026,29
Komanda,8/2/2026,37
Lita,8/2/2026,141
Logo,8/2/2026,9
Lolwa,8/2/2026,7
Mahagi,8/2/2026,4
Mambasa,8/2/2026,10
Mandima,8/2/2026,16
Mangala,8/2/2026,105
Mongbwalu,8/2/2026,552
Nia-Nia,8/2/2026,104
Nizi,8/2/2026,402
Nyankunde,8/2/2026,115
Rimba,8/2/2026,9
Rwampara,8/2/2026,655
Tchomia,8/2/2026,43
Beni,8/2/2026,64
Butembo,8/2/2026,87
Goma,8/2/2026,1
Kalunguta,8/2/2026,7
Katwa,8/2/2026,186
Kyondo,8/2/2026,13
Lubero,8/2/2026,1
Mabalako,8/2/2026,1
Masereka,8/2/2026,5
Musienene,8/2/2026,43
Oicha,8/2/2026,4
Vuhovi,8/2/2026,2
Boma Mangbetu,8/2/2026,13
Isiro,8/2/2026,19
Pawa,8/2/2026,12
Rungu,8/2/2026,1
Wamba,8/2/2026,16
Kabondo,8/2/2026,1
Lubunga,8/2/2026,1
Makiso-Kisangani,8/2/2026,3
Mangobo,8/2/2026,1
Wanierukula,8/2/2026,1
Miti-Murhesa,8/2/2026,3
Adja,8/3/2026,11
Aru,8/3/2026,5
Ariwara,8/3/2026,7
Aungba,8/3/2026,10
Bambu,8/3/2026,69
Boga,8/3/2026,1
Bunia,8/3/2026,925
Damas,8/3/2026,18
Drodro,8/3/2026,11
Fataki,8/3/2026,35
Gethy,8/3/2026,1
Kambala,8/3/2026,2
Kilo,8/3/2026,29
Komanda,8/3/2026,38
Lita,8/3/2026,142
Logo,8/3/2026,10
Lolwa,8/3/2026,7
Mahagi,8/3/2026,4
Mambasa,8/3/2026,10
Mandima,8/3/2026,16
Mangala,8/3/2026,106
Mongbwalu,8/3/2026,553
Nia-Nia,8/3/2026,112
Nizi,8/3/2026,410
Nyankunde,8/3/2026,115
Rimba,8/3/2026,9
Rwampara,8/3/2026,674
Tchomia,8/3/2026,45
Beni,8/3/2026,64
Butembo,8/3/2026,89
Goma,8/3/2026,1
Kalunguta,8/3/2026,7
Katwa,8/3/2026,195
Kyondo,8/3/2026,13
Lubero,8/3/2026,1
Mabalako,8/3/2026,1
Masereka,8/3/2026,5
Musienene,8/3/2026,44
Oicha,8/3/2026,4
Vuhovi,8/3/2026,2
Boma Mangbetu,8/3/2026,13
Isiro,8/3/2026,21
Pawa,8/3/2026,12
Rungu,8/3/2026,1
Wamba,8/3/2026,16
Kabondo,8/3/2026,1
Lubunga,8/3/2026,1
Makiso-Kisangani,8/3/2026,3
Mangobo,8/3/2026,1
Wanierukula,8/3/2026,1
Miti-Murhesa,8/3/2026,3
Adja,8/4/2026,11
Aru,8/4/2026,5
Ariwara,8/4/2026,7
Aungba,8/4/2026,10
Bambu,8/4/2026,69
Boga,8/4/2026,1
Bunia,8/4/2026,950
Damas,8/4/2026,18
Drodro,8/4/2026,11
Fataki,8/4/2026,40
Gethy,8/4/2026,1
Kambala,8/4/2026,2
Kilo,8/4/2026,29
Komanda,8/4/2026,38
Lita,8/4/2026,151
Logo,8/4/2026,10
Lolwa,8/4/2026,7
Mahagi,8/4/2026,4
Mambasa,8/4/2026,10
Mandima,8/4/2026,16
Mangala,8/4/2026,108
Mongbwalu,8/4/2026,558
Nia-Nia,8/4/2026,112
Nizi,8/4/2026,431
Nyankunde,8/4/2026,115
Rimba,8/4/2026,9
Rwampara,8/4/2026,692
Tchomia,8/4/2026,45
Beni,8/4/2026,64
Butembo,8/4/2026,92
Goma,8/4/2026,1
Kalunguta,8/4/2026,8
Katwa,8/4/2026,200
Kyondo,8/4/2026,13
Lubero,8/4/2026,1
Mabalako,8/4/2026,1
Masereka,8/4/2026,5
Musienene,8/4/2026,45
Oicha,8/4/2026,4
Vuhovi,8/4/2026,2
Boma Mangbetu,8/4/2026,13
Isiro,8/4/2026,25
Pawa,8/4/2026,12
Rungu,8/4/2026,1
Wamba,8/4/2026,16
Kabondo,8/4/2026,1
Lubunga,8/4/2026,1
Makiso-Kisangani,8/4/2026,3
Mangobo,8/4/2026,1
Wanierukula,8/4/2026,1
Miti-Murhesa,8/4/2026,3
Adja,8/11/2026,11
Aru,8/11/2026,7
Ariwara,8/11/2026,7
Aungba,8/11/2026,10
Bambu,8/11/2026,93
Boga,8/11/2026,1
Bunia,8/11/2026,1072
Damas,8/11/2026,20
Drodro,8/11/2026,12
Fataki,8/11/2026,55
Gethy,8/11/2026,2
Kambala,8/11/2026,2
Kilo,8/11/2026,30
Komanda,8/11/2026,42
Lita,8/11/2026,169
Logo,8/11/2026,11
Lolwa,8/11/2026,11
Mahagi,8/11/2026,4
Mambasa,8/11/2026,13
Mandima,8/11/2026,19
Mangala,8/11/2026,120
Mongbwalu,8/11/2026,579
Nia-Nia,8/11/2026,146
Nizi,8/11/2026,502
Nyankunde,8/11/2026,117
Rimba,8/11/2026,9
Rwampara,8/11/2026,800
Tchomia,8/11/2026,48
Beni,8/11/2026,80
Butembo,8/11/2026,105
Goma,8/11/2026,1
Kalunguta,8/11/2026,10
Katwa,8/11/2026,249
Kyondo,8/11/2026,13
Lubero,8/11/2026,1
Mabalako,8/11/2026,1
Masereka,8/11/2026,7
Musienene,8/11/2026,53
Oicha,8/11/2026,5
Vuhovi,8/11/2026,3
Boma Mangbetu,8/11/2026,20
Gombari,8/11/2026,1
Isiro,8/11/2026,33
Pawa,8/11/2026,17
Rungu,8/11/2026,1
Wamba,8/11/2026,43
Bafwasende,8/11/2026,1
Kabondo,8/11/2026,2
Lubunga,8/11/2026,1
Makiso-Kisangani,8/11/2026,3
Mangobo,8/11/2026,1
Wanierukula,8/11/2026,1
Miti-Murhesa,8/11/2026,3
Adja,8/15/2026,11
Aru,8/15/2026,7
Ariwara,8/15/2026,7
Aungba,8/15/2026,11
Bambu,8/15/2026,109
Boga,8/15/2026,1
Bunia,8/15/2026,1157
Damas,8/15/2026,23
Drodro,8/15/2026,13
Fataki,8/15/2026,64
Gethy,8/15/2026,4
Kambala,8/15/2026,2
Kilo,8/15/2026,31
Komanda,8/15/2026,48
Lita,8/15/2026,173
Logo,8/15/2026,11
Lolwa,8/15/2026,15
Mahagi,8/15/2026,4
Mambasa,8/15/2026,14
Mandima,8/15/2026,23
Mangala,8/15/2026,156
Mongbwalu,8/15/2026,585
Nia-Nia,8/15/2026,164
Nizi,8/15/2026,534
Nyankunde,8/15/2026,120
Rimba,8/15/2026,9
Rwampara,8/15/2026,849
Tchomia,8/15/2026,49
Beni,8/15/2026,91
Butembo,8/15/2026,111
Goma,8/15/2026,1
Kalunguta,8/15/2026,12
Katwa,8/15/2026,285
Kyondo,8/15/2026,15
Lubero,8/15/2026,1
Mabalako,8/15/2026,2
Masereka,8/15/2026,7
Musienene,8/15/2026,62
Oicha,8/15/2026,5
Vuhovi,8/15/2026,4
Boma Mangbetu,8/15/2026,22
Gombari,8/15/2026,1
Isiro,8/15/2026,42
Pawa,8/15/2026,19
Rungu,8/15/2026,1
Wamba,8/15/2026,53
Bafwasende,8/15/2026,1
Kabondo,8/15/2026,3
Lubunga,8/15/2026,1
Makiso-Kisangani,8/15/2026,4
Mangobo,8/15/2026,2
Tshopo,8/15/2026,1
Wanierukula,8/15/2026,1
Miti-Murhesa,8/15/2026,3
Buta,8/15/2026,1
Adja,8/17/2026,11
Aru,8/17/2026,7
Ariwara,8/17/2026,8
Aungba,8/17/2026,11
Bambu,8/17/2026,112
Boga,8/17/2026,1
Bunia,8/17/2026,1194
Damas,8/17/2026,23
Drodro,8/17/2026,13
Fataki,8/17/2026,71
Gethy,8/17/2026,5
Kambala,8/17/2026,2
Kilo,8/17/2026,31
Komanda,8/17/2026,51
Lita,8/17/2026,183
Logo,8/17/2026,11
Lolwa,8/17/2026,15
Mahagi,8/17/2026,4
Mambasa,8/17/2026,14
Mandima,8/17/2026,23
Mangala,8/17/2026,165
Mongbwalu,8/17/2026,591
Nia-Nia,8/17/2026,175
Nizi,8/17/2026,543
Nyankunde,8/17/2026,120
Rimba,8/17/2026,9
Rwampara,8/17/2026,863
Tchomia,8/17/2026,49
Beni,8/17/2026,96
Butembo,8/17/2026,118
Goma,8/17/2026,1
Kalunguta,8/17/2026,12
Katwa,8/17/2026,306
Kyondo,8/17/2026,15
Lubero,8/17/2026,1
Mabalako,8/17/2026,2
Masereka,8/17/2026,7
Musienene,8/17/2026,63
Oicha,8/17/2026,6
Vuhovi,8/17/2026,4
Boma Mangbetu,8/17/2026,23
Gombari,8/17/2026,1
Isiro,8/17/2026,42
Pawa,8/17/2026,19
Rungu,8/17/2026,1
Wamba,8/17/2026,53
Bafwasende,8/17/2026,1
Kabondo,8/17/2026,3
Lubunga,8/17/2026,1
Makiso-Kisangani,8/17/2026,4
Mangobo,8/17/2026,2
Tshopo,8/17/2026,1
Wanierukula,8/17/2026,1
Miti-Murhesa,8/17/2026,3
Buta,8/17/2026,1
Adja,8/19/2026,11
Aru,8/19/2026,7
Ariwara,8/19/2026,8
Aungba,8/19/2026,11
Bambu,8/19/2026,114
Boga,8/19/2026,1
Bunia,8/19/2026,1244
Damas,8/19/2026,25
Drodro,8/19/2026,13
Fataki,8/19/2026,72
Gethy,8/19/2026,5
Kambala,8/19/2026,2
Kilo,8/19/2026,31
Komanda,8/19/2026,53
Lita,8/19/2026,186
Logo,8/19/2026,11
Lolwa,8/19/2026,17
Mahagi,8/19/2026,4
Mambasa,8/19/2026,14
Mandima,8/19/2026,25
Mangala,8/19/2026,183
Mongbwalu,8/19/2026,593
Nia-Nia,8/19/2026,182
Nizi,8/19/2026,567
Nyankunde,8/19/2026,121
Rimba,8/19/2026,10
Rwampara,8/19/2026,886
Tchomia,8/19/2026,51
Beni,8/19/2026,104
Butembo,8/19/2026,127
Goma,8/19/2026,1
Kalunguta,8/19/2026,13
Katwa,8/19/2026,316
Kyondo,8/19/2026,15
Lubero,8/19/2026,1
Mabalako,8/19/2026,2
Masereka,8/19/2026,7
Musienene,8/19/2026,66
Oicha,8/19/2026,6
Vuhovi,8/19/2026,5
Boma Mangbetu,8/19/2026,23
Gombari,8/19/2026,1
Isiro,8/19/2026,58
Pawa,8/19/2026,20
Rungu,8/19/2026,1
Wamba,8/19/2026,57
Bafwasende,8/19/2026,1
Kabondo,8/19/2026,3
Lubunga,8/19/2026,1
Makiso-Kisangani,8/19/2026,6
Mangobo,8/19/2026,2
Tshopo,8/19/2026,1
Wanierukula,8/19/2026,1
Miti-Murhesa,8/19/2026,3
Buta,8/19/2026,1
Viadana,8/19/2026,1
Adja,8/20/2026,11
Aru,8/20/2026,7
Ariwara,8/20/2026,8
Aungba,8/20/2026,12
Bambu,8/20/2026,126
Boga,8/20/2026,1
Bunia,8/20/2026,1254
Damas,8/20/2026,27
Drodro,8/20/2026,13
Fataki,8/20/2026,72
Gethy,8/20/2026,5
Kambala,8/20/2026,2
Kilo,8/20/2026,31
Komanda,8/20/2026,54
Lita,8/20/2026,190
Logo,8/20/2026,11
Lolwa,8/20/2026,17
Mahagi,8/20/2026,4
Mambasa,8/20/2026,14
Mandima,8/20/2026,25
Mangala,8/20/2026,188
Mongbwalu,8/20/2026,595
Nia-Nia,8/20/2026,185
Nizi,8/20/2026,580
Nyankunde,8/20/2026,121
Rimba,8/20/2026,10
Rwampara,8/20/2026,895
Tchomia,8/20/2026,52
Beni,8/20/2026,107
Butembo,8/20/2026,132
Goma,8/20/2026,1
Kalunguta,8/20/2026,13
Katwa,8/20/2026,323
Kyondo,8/20/2026,15
Lubero,8/20/2026,1
Mabalako,8/20/2026,2
Masereka,8/20/2026,7
Musienene,8/20/2026,68
Oicha,8/20/2026,6
Vuhovi,8/20/2026,5
Boma Mangbetu,8/20/2026,24
Gombari,8/20/2026,2
Isiro,8/20/2026,60
Pawa,8/20/2026,20
Rungu,8/20/2026,1
Wamba,8/20/2026,58
Bafwasende,8/20/2026,1
Kabondo,8/20/2026,3
Lubunga,8/20/2026,1
Makiso-Kisangani,8/20/2026,6
Mangobo,8/20/2026,2
Tshopo,8/20/2026,1
Wanierukula,8/20/2026,1
Miti-Murhesa,8/20/2026,3
Buta,8/20/2026,1
Viadana,8/20/2026,1
Adja,8/22/2026,11
Aru,8/22/2026,7
Ariwara,8/22/2026,8
Aungba,8/22/2026,12
Bambu,8/22/2026,127
Boga,8/22/2026,1
Bunia,8/22/2026,1279
Damas,8/22/2026,27
Drodro,8/22/2026,13
Fataki,8/22/2026,73
Gethy,8/22/2026,5
Kambala,8/22/2026,2
Kilo,8/22/2026,31
Komanda,8/22/2026,58
Lita,8/22/2026,196
Logo,8/22/2026,11
Lolwa,8/22/2026,17
Mahagi,8/22/2026,4
Mambasa,8/22/2026,14
Mandima,8/22/2026,32
Mangala,8/22/2026,191
Mongbwalu,8/22/2026,600
Nia-Nia,8/22/2026,191
Nizi,8/22/2026,609
Nyankunde,8/22/2026,122
Rimba,8/22/2026,10
Rwampara,8/22/2026,902
Tchomia,8/22/2026,54
Beni,8/22/2026,114
Butembo,8/22/2026,137
Goma,8/22/2026,1
Kalunguta,8/22/2026,13
Katwa,8/22/2026,342
Kyondo,8/22/2026,16
Lubero,8/22/2026,1
Mabalako,8/22/2026,3
Masereka,8/22/2026,7
Musienene,8/22/2026,68
Mutwanga,8/22/2026,1
Oicha,8/22/2026,6
Vuhovi,8/22/2026,5
Boma Mangbetu,8/22/2026,24
Gombari,8/22/2026,3
Isiro,8/22/2026,67
Pawa,8/22/2026,20
Rungu,8/22/2026,1
Wamba,8/22/2026,58
Bafwasende,8/22/2026,1
Kabondo,8/22/2026,3
Lubunga,8/22/2026,1
Makiso-Kisangani,8/22/2026,6
Mangobo,8/22/2026,2
Tshopo,8/22/2026,1
Wanierukula,8/22/2026,1
Miti-Murhesa,8/22/2026,3
Buta,8/22/2026,1
Viadana,8/22/2026,1
Adja,8/24/2026,11
Aru,8/24/2026,7
Ariwara,8/24/2026,8
Aungba,8/24/2026,12
Bambu,8/24/2026,139
Boga,8/24/2026,2
Bunia,8/24/2026,1312
Damas,8/24/2026,27
Drodro,8/24/2026,13
Fataki,8/24/2026,73
Gethy,8/24/2026,5
Kambala,8/24/2026,2
Kilo,8/24/2026,32
Komanda,8/24/2026,61
Lita,8/24/2026,204
Logo,8/24/2026,11
Lolwa,8/24/2026,18
Mahagi,8/24/2026,4
Mambasa,8/24/2026,14
Mandima,8/24/2026,32
Mangala,8/24/2026,203
Mongbwalu,8/24/2026,603
Nia-Nia,8/24/2026,193
Nizi,8/24/2026,622
Nyankunde,8/24/2026,123
Rimba,8/24/2026,10
Rwampara,8/24/2026,920
Tchomia,8/24/2026,55
Beni,8/24/2026,118
Butembo,8/24/2026,140
Goma,8/24/2026,1
Kalunguta,8/24/2026,15
Katwa,8/24/2026,351
Kyondo,8/24/2026,16
Lubero,8/24/2026,1
Mabalako,8/24/2026,3
Masereka,8/24/2026,7
Musienene,8/24/2026,70
Mutwanga,8/24/2026,1
Oicha,8/24/2026,7
Vuhovi,8/24/2026,5
Boma Mangbetu,8/24/2026,26
Gombari,8/24/2026,3
Isiro,8/24/2026,70
Pawa,8/24/2026,20
Rungu,8/24/2026,1
Wamba,8/24/2026,64
Bafwasende,8/24/2026,1
Kabondo,8/24/2026,3
Lubunga,8/24/2026,1
Makiso-Kisangani,8/24/2026,6
Mangobo,8/24/2026,2
Tshopo,8/24/2026,1
Wanierukula,8/24/2026,1
Miti-Murhesa,8/24/2026,3
Buta,8/24/2026,1
Viadana,8/24/2026,1
Ganga,8/24/2026,1
Adja,8/25/2026,11
Aru,8/25/2026,7
Ariwara,8/25/2026,8
Aungba,8/25/2026,12
Bambu,8/25/2026,148
Boga,8/25/2026,2
Bunia,8/25/2026,1317
Damas,8/25/2026,27
Drodro,8/25/2026,13
Fataki,8/25/2026,73
Gethy,8/25/2026,5
Kambala,8/25/2026,2
Kilo,8/25/2026,32
Komanda,8/25/2026,61
Lita,8/25/2026,204
Logo,8/25/2026,11
Lolwa,8/25/2026,19
Mahagi,8/25/2026,4
Mambasa,8/25/2026,17
Mandima,8/25/2026,32
Mangala,8/25/2026,203
Mongbwalu,8/25/2026,605
Nia-Nia,8/25/2026,199
Nizi,8/25/2026,628
Nyankunde,8/25/2026,124
Rimba,8/25/2026,10
Rwampara,8/25/2026,921
Tchomia,8/25/2026,55
Beni,8/25/2026,118
Butembo,8/25/2026,146
Goma,8/25/2026,1
Kalunguta,8/25/2026,16
Katwa,8/25/2026,360
Kyondo,8/25/2026,16
Lubero,8/25/2026,1
Mabalako,8/25/2026,3
Masereka,8/25/2026,7
Musienene,8/25/2026,72
Mutwanga,8/25/2026,1
Oicha,8/25/2026,7
Vuhovi,8/25/2026,5
Boma Mangbetu,8/25/2026,26
Gombari,8/25/2026,3
Isiro,8/25/2026,74
Pawa,8/25/2026,20
Rungu,8/25/2026,1
Wamba,8/25/2026,65
Bafwasende,8/25/2026,1
Kabondo,8/25/2026,3
Lubunga,8/25/2026,1
Makiso-Kisangani,8/25/2026,6
Mangobo,8/25/2026,2
Tshopo,8/25/2026,1
Wanierukula,8/25/2026,1
Miti-Murhesa,8/25/2026,3
Buta,8/25/2026,1
Viadana,8/25/2026,1
Ganga,8/25/2026,1
Adja,8/26/2026,11
Aru,8/26/2026,7
Ariwara,8/26/2026,8
Aungba,8/26/2026,12
Bambu,8/26/2026,149
Boga,8/26/2026,2
Bunia,8/26/2026,1336
Damas,8/26/2026,27
Drodro,8/26/2026,13
Fataki,8/26/2026,73
Gethy,8/26/2026,5
Kambala,8/26/2026,2
Kilo,8/26/2026,32
Komanda,8/26/2026,65
Lita,8/26/2026,204
Logo,8/26/2026,11
Lolwa,8/26/2026,19
Mahagi,8/26/2026,4
Mambasa,8/26/2026,17
Mandima,8/26/2026,33
Mangala,8/26/2026,212
Mongbwalu,8/26/2026,606
Nia-Nia,8/26/2026,199
Nizi,8/26/2026,636
Nyankunde,8/26/2026,124
Rimba,8/26/2026,10
Rwampara,8/26/2026,930
Tchomia,8/26/2026,55
Beni,8/26/2026,122
Biena,8/26/2026,1
Butembo,8/26/2026,152
Goma,8/26/2026,1
Kalunguta,8/26/2026,16
Katwa,8/26/2026,368
Kyondo,8/26/2026,16
Lubero,8/26/2026,1
Mabalako,8/26/2026,3
Manguredjipa,8/26/2026,1
Masereka,8/26/2026,7
Musienene,8/26/2026,74
Mutwanga,8/26/2026,1
Oicha,8/26/2026,7
Vuhovi,8/26/2026,5
Boma Mangbetu,8/26/2026,26
Gombari,8/26/2026,3
Isiro,8/26/2026,78
Pawa,8/26/2026,20
Rungu,8/26/2026,1
Wamba,8/26/2026,66
Bafwasende,8/26/2026,1
Kabondo,8/26/2026,3
Lubunga,8/26/2026,1
Makiso-Kisangani,8/26/2026,8
Mangobo,8/26/2026,2
Tshopo,8/26/2026,1
Wanierukula,8/26/2026,1
Miti-Murhesa,8/26/2026,3
Buta,8/26/2026,1
Viadana,8/26/2026,1
Ganga,8/26/2026,1
Adja,8/28/2026,11
Aru,8/28/2026,8
Ariwara,8/28/2026,8
Aungba,8/28/2026,12
Bambu,8/28/2026,157
Boga,8/28/2026,2
Bunia,8/28/2026,1375
Damas,8/28/2026,27
Drodro,8/28/2026,13
Fataki,8/28/2026,74
Gethy,8/28/2026,6
Kambala,8/28/2026,2
Kilo,8/28/2026,32
Komanda,8/28/2026,72
Lita,8/28/2026,210
Logo,8/28/2026,11
Lolwa,8/28/2026,19
Mahagi,8/28/2026,4
Mambasa,8/28/2026,17
Mandima,8/28/2026,36
Mangala,8/28/2026,227
Mongbwalu,8/28/2026,608
Nia-Nia,8/28/2026,205
Nizi,8/28/2026,646
Nyankunde,8/28/2026,124
Rimba,8/28/2026,10
Rwampara,8/28/2026,939
Tchomia,8/28/2026,56
Beni,8/28/2026,128
Biena,8/28/2026,1
Butembo,8/28/2026,160
Goma,8/28/2026,1
Kalunguta,8/28/2026,16
Katwa,8/28/2026,377
Kyondo,8/28/2026,16
Lubero,8/28/2026,1
Mabalako,8/28/2026,3
Manguredjipa,8/28/2026,1
Masereka,8/28/2026,8
Musienene,8/28/2026,75
Mutwanga,8/28/2026,1
Oicha,8/28/2026,7
Vuhovi,8/28/2026,5
Boma Mangbetu,8/28/2026,26
Gombari,8/28/2026,3
Isiro,8/28/2026,79
Pawa,8/28/2026,24
Rungu,8/28/2026,1
Wamba,8/28/2026,76
Bafwasende,8/28/2026,2
Kabondo,8/28/2026,3
Lubunga,8/28/2026,1
Makiso-Kisangani,8/28/2026,9
Mangobo,8/28/2026,2
Tshopo,8/28/2026,1
Wanierukula,8/28/2026,1
Miti-Murhesa,8/28/2026,3
Buta,8/28/2026,1
Viadana,8/28/2026,1
Ganga,8/28/2026,1
